canonical_name,team_file_name,player_file_name,match_method
Abilene Christian,Abilene Christ.,Abilene Christian,
Appalachian State,App. St.,Appalachian State,
Brigham Young,BYU,Brigham Young,
California,Cal,California,
California Baptist,Cal Baptist,California Baptist,
Charleston Southern,Charleston,Charleston Southern,
College of Charleston,Charleston So.,College of Charleston,
Texas A&M–Commerce,East Texas A&M,Texas A&M–Commerce,
Florida International,FIU,Florida International,
Purdue Fort Wayne,Fort Wayne,Purdue Fort Wayne,
Grambling State,Grambling,Grambling State,
Louisiana State,LSU,Louisiana State,
Loyola Chicago,Loyola (IL),Loyola Chicago,
Mississippi Valley State,MVSU,Mississippi Valley State,
UMass Lowell,Mass.-Lowell,UMass Lowell,
McNeese State,McNeese,McNeese State,
Maryland Eastern Shore,Md.-East. Shore,Maryland Eastern Shore,
North Carolina A&T,N.C. A&T,North Carolina A&T,
North Carolina Central,N.C. Central,North Carolina Central,
Northwestern State,NW St.,Northwestern State,
Pennsylvania,Penn,Pennsylvania,
Pittsburgh,Pitt,Pittsburgh,
Prairie View A&M,Prairie View,Prairie View A&M,
Southeast Missouri State,SE Missouri St,Southeast Missouri State,
Saint Francis (PA),SFU,Saint Francis (PA),
St. Mary's (CA),Saint Mary's,St. Mary's (CA),
Sam Houston State,Sam Houston,Sam Houston State,
Southeastern Louisiana,Southeastern LA,Southeastern Louisiana,
Southern,Southern U.,Southern,
Texas A&M–Corpus Christi,TAMUCC,Texas A&M–Corpus Christi,
UC Santa Barbara,UCSB,UC Santa Barbara,
Connecticut,UConn,Connecticut,
Kansas City,UMKC,Kansas City,
North Carolina,UNC,North Carolina,
UNC Asheville,UNCA,UNC Asheville,
UNC Greensboro,UNCG,UNC Greensboro,
UNC Wilmington,UNCW,UNC Wilmington,
Northern Iowa,UNI,Northern Iowa,
Southern California,USC,Southern California,
UT Arlington,UTA,UT Arlington,
Texas–Rio Grande Valley,UTRGV,Texas–Rio Grande Valley,
Alabama State,Alabama St.,Alabama State,
Alcorn State,Alcorn St.,Alcorn State,
Arizona State,Arizona St.,Arizona State,
Arkansas State,Arkansas St.,Arkansas State,
Arkansas–Pine Bluff,Ark-Pine Bluff,Arkansas–Pine Bluff,
Ball State,Ball St.,Ball State,
Boise State,Boise St.,Boise State,
Boston University,Boston U.,Boston University,
Cal State Bakersfield,Cal St Bakersfield,Cal State Bakersfield,
Cal State Fullerton,Cal St Fullerton,Cal State Fullerton,
Cal State Northridge,Cal St Northridge,Cal State Northridge,
Central Arkansas,Central Ark.,Central Arkansas,
Central Connecticut State,Central Conn St,Central Connecticut State,
Central Michigan,Central Mich.,Central Michigan,
Chicago State,Chicago St.,Chicago State,
Cleveland State,Cleveland St.,Cleveland State,
Coastal Carolina,Coastal Caro.,Coastal Carolina,
Colorado State,Colorado St.,Colorado State,
Coppin State,Coppin St.,Coppin State,
Delaware State,Delaware St.,Delaware State,
East Tennessee State,East Tenn. St.,East Tennessee State,
Eastern Illinois,Eastern Ill.,Eastern Illinois,
Eastern Kentucky,Eastern Ky.,Eastern Kentucky,
Eastern Michigan,Eastern Mich.,Eastern Michigan,
Eastern Washington,Eastern Wash.,Eastern Washington,
Florida Atlantic,Fla. Atlantic,Florida Atlantic,
Florida Gulf Coast,Fla. Gulf Coast,Florida Gulf Coast,
Florida State,Florida St.,Florida State,
Fresno State,Fresno St.,Fresno State,
Georgia Southern,Ga. Southern,Georgia Southern,
Georgia State,Georgia St.,Georgia State,
Georgia Tech,Ga Tech,Georgia Tech,
Idaho State,Idaho St.,Idaho State,
Illinois State,Illinois St.,Illinois State,
Illinois–Chicago,Ill.-Chicago,Illinois–Chicago,
Indiana State,Indiana St.,Indiana State,
Iowa State,Iowa St.,Iowa State,
Jackson State,Jackson St.,Jackson State,
Jacksonville State,Jacksonville St.,Jacksonville State,
Kansas State,Kansas St.,Kansas State,
Kennesaw State,Kennesaw St.,Kennesaw State,
Kent State,Kent St.,Kent State,
Louisiana–Monroe,La.-Monroe,Louisiana–Monroe,
Michigan State,Michigan St.,Michigan State,
Middle Tennessee,Middle Tenn.,Middle Tennessee,
Mississippi State,Miss. St.,Mississippi State,
Missouri State,Missouri St.,Missouri State,
Montana State,Montana St.,Montana State,
Morehead State,Morehead St.,Morehead State,
Morgan State,Morgan St.,Morgan State,
Mount St. Mary's,Mt. St. Mary's,Mount St. Mary's,
Murray State,Murray St.,Murray State,
New Mexico State,New Mexico St.,New Mexico State,
Nicholls State,Nicholls St.,Nicholls State,
Norfolk State,Norfolk St.,Norfolk State,
North Alabama,North Ala.,North Alabama,
North Dakota State,North Dakota St.,North Dakota State,
Northern Arizona,Northern Ariz.,Northern Arizona,
Northern Colorado,Northern Colo.,Northern Colorado,
Northern Illinois,Northern Ill.,Northern Illinois,
Northern Kentucky,Northern Ky.,Northern Kentucky,
Ohio State,Ohio St.,Ohio State,
Oklahoma State,Oklahoma St.,Oklahoma State,
Oregon State,Oregon St.,Oregon State,
Penn State,Penn St.,Penn State,
Portland State,Portland St.,Portland State,
Sacramento State,Sacramento St.,Sacramento State,
San Diego State,San Diego St.,San Diego State,
San Jose State,San Jose St.,San Jose State,
South Alabama,South Ala.,South Alabama,
South Carolina State,South Carolina St.,South Carolina State,
South Dakota State,South Dakota St.,South Dakota State,
South Florida,South Fla.,South Florida,
Southern Illinois,Southern Ill.,Southern Illinois,
Southern Indiana,Southern Ind.,Southern Indiana,
Southern Mississippi,Southern Miss.,Southern Mississippi,
Tarleton State,Tarleton St.,Tarleton State,
Tennessee State,Tennessee St.,Tennessee State,
Texas State,Texas St.,Texas State,
Utah State,Utah St.,Utah State,
Washington State,Washington St.,Washington State,
Weber State,Weber St.,Weber State,
West Georgia,West Ga.,West Georgia,
Western Carolina,Western Caro.,Western Carolina,
Western Illinois,Western Ill.,Western Illinois,
Western Kentucky,Western Ky.,Western Kentucky,
Western Michigan,Western Mich.,Western Michigan,
Wichita State,Wichita St.,Wichita State,
Wright State,Wright St.,Wright State,
Youngstown State,Youngstown St.,Youngstown State,
Air Force,Air Force,Air Force,
Akron,Akron,Akron,
Alabama,Alabama,Alabama,
Alabama A&M,Alabama A&M,Alabama A&M,
Albany (NY),Albany (NY),Albany (NY),
American,American,American,
Arizona,Arizona,Arizona,
Arkansas,Arkansas,Arkansas,
Army,Army,Army,
Auburn,Auburn,Auburn,
Austin Peay,Austin Peay,Austin Peay,
Baylor,Baylor,Baylor,
Bellarmine,Bellarmine,Bellarmine,
Belmont,Belmont,Belmont,
Bethune-Cookman,Bethune-Cookman,Bethune-Cookman,
Binghamton,Binghamton,Binghamton,
Boston College,Boston College,Boston College,
Bowling Green,Bowling Green,Bowling Green,
Bradley,Bradley,Bradley,
Brown,Brown,Brown,
Bryant,Bryant,Bryant,
Bucknell,Bucknell,Bucknell,
Buffalo,Buffalo,Buffalo,
Butler,Butler,Butler,
Cal Poly,Cal Poly,Cal Poly,
Campbell,Campbell,Campbell,
Canisius,Canisius,Canisius,
Charlotte,Charlotte,Charlotte,
Chattanooga,Chattanooga,Chattanooga,
Cincinnati,Cincinnati,Cincinnati,
Clemson,Clemson,Clemson,
Colgate,Colgate,Colgate,
Colorado,Colorado,Colorado,
Columbia,Columbia,Columbia,
Cornell,Cornell,Cornell,
Creighton,Creighton,Creighton,
Dartmouth,Dartmouth,Dartmouth,
Davidson,Davidson,Davidson,
Dayton,Dayton,Dayton,
DePaul,DePaul,DePaul,
Delaware,Delaware,Delaware,
Denver,Denver,Denver,
Detroit Mercy,Detroit Mercy,Detroit Mercy,
Drake,Drake,Drake,
Drexel,Drexel,Drexel,
Duke,Duke,Duke,
Duquesne,Duquesne,Duquesne,
East Carolina,East Carolina,East Carolina,
Elon,Elon,Elon,
Evansville,Evansville,Evansville,
FDU,FDU,FDU,
Fairfield,Fairfield,Fairfield,
Florida,Florida,Florida,
Florida A&M,Florida A&M,Florida A&M,
Fordham,Fordham,Fordham,
Furman,Furman,Furman,
Gardner-Webb,Gardner-Webb,Gardner-Webb,
George Mason,George Mason,George Mason,
George Washington,George Washington,George Washington,
Georgetown,Georgetown,Georgetown,
Georgia,Georgia,Georgia,
Gonzaga,Gonzaga,Gonzaga,
Grand Canyon,Grand Canyon,Grand Canyon,
Green Bay,Green Bay,Green Bay,
Hampton,Hampton,Hampton,
Harvard,Harvard,Harvard,
Hawaii,Hawaii,Hawaii,
High Point,High Point,High Point,
Hofstra,Hofstra,Hofstra,
Holy Cross,Holy Cross,Holy Cross,
Houston,Houston,Houston,
Houston Christian,Houston Christian,Houston Christian,
Howard,Howard,Howard,
IU Indy,IU Indy,IU Indy,
Idaho,Idaho,Idaho,
Illinois,Illinois,Illinois,
Incarnate Word,Incarnate Word,Incarnate Word,
Indiana,Indiana,Indiana,
Iona,Iona,Iona,
Iowa,Iowa,Iowa,
Jacksonville,Jacksonville,Jacksonville,
James Madison,James Madison,James Madison,
Kansas,Kansas,Kansas,
Kentucky,Kentucky,Kentucky,
LIU,LIU,LIU,
La Salle,La Salle,La Salle,
Lafayette,Lafayette,Lafayette,
Lamar,Lamar,Lamar,
Le Moyne,Le Moyne,Le Moyne,
Lehigh,Lehigh,Lehigh,
Liberty,Liberty,Liberty,
Lindenwood,Lindenwood,Lindenwood,
Lipscomb,Lipscomb,Lipscomb,
Little Rock,Little Rock,Little Rock,
Long Beach State,Long Beach State,Long Beach State,
Longwood,Longwood,Longwood,
Louisiana,Louisiana,Louisiana,
Louisiana Tech,Louisiana Tech,Louisiana Tech,
Louisville,Louisville,Louisville,
Loyola (MD),Loyola (MD),Loyola (MD),
Loyola Marymount,Loyola Marymount,Loyola Marymount,
Maine,Maine,Maine,
Manhattan,Manhattan,Manhattan,
Marist,Marist,Marist,
Marquette,Marquette,Marquette,
Marshall,Marshall,Marshall,
Maryland,Maryland,Maryland,
Massachusetts,Massachusetts,Massachusetts,
Memphis,Memphis,Memphis,
Mercer,Mercer,Mercer,
Mercyhurst,Mercyhurst,Mercyhurst,
Merrimack,Merrimack,Merrimack,
Miami (FL),Miami (FL),Miami (FL),
Miami (OH),Miami (OH),Miami (OH),
Michigan,Michigan,Michigan,
Milwaukee,Milwaukee,Milwaukee,
Minnesota,Minnesota,Minnesota,
Missouri,Missouri,Missouri,
Monmouth,Monmouth,Monmouth,
Montana,Montana,Montana,
NC State,NC State,NC State,
NJIT,NJIT,NJIT,
Navy,Navy,Navy,
Nebraska,Nebraska,Nebraska,
Nevada,Nevada,Nevada,
New Hampshire,New Hampshire,New Hampshire,
New Mexico,New Mexico,New Mexico,
New Orleans,New Orleans,New Orleans,
Niagara,Niagara,Niagara,
North Dakota,North Dakota,North Dakota,
North Florida,North Florida,North Florida,
North Texas,North Texas,North Texas,
Northeastern,Northeastern,Northeastern,
Northwestern,Northwestern,Northwestern,
Notre Dame,Notre Dame,Notre Dame,
Oakland,Oakland,Oakland,
Ohio,Ohio,Ohio,
Oklahoma,Oklahoma,Oklahoma,
Old Dominion,Old Dominion,Old Dominion,
Ole Miss,Ole Miss,Ole Miss,
Omaha,Omaha,Omaha,
Oral Roberts,Oral Roberts,Oral Roberts,
Oregon,Oregon,Oregon,
Pacific,Pacific,Pacific,
Pepperdine,Pepperdine,Pepperdine,
Portland,Portland,Portland,
Presbyterian,Presbyterian,Presbyterian,
Princeton,Princeton,Princeton,
Providence,Providence,Providence,
Purdue,Purdue,Purdue,
Queens (NC),Queens (NC),Queens (NC),
Quinnipiac,Quinnipiac,Quinnipiac,
Radford,Radford,Radford,
Rhode Island,Rhode Island,Rhode Island,
Rice,Rice,Rice,
Richmond,Richmond,Richmond,
Rider,Rider,Rider,
Robert Morris,Robert Morris,Robert Morris,
Rutgers,Rutgers,Rutgers,
SIU Edwardsville,SIU Edwardsville,SIU Edwardsville,
SMU,SMU,SMU,
Sacred Heart,Sacred Heart,Sacred Heart,
Saint Joseph's,Saint Joseph's,Saint Joseph's,
Saint Louis,Saint Louis,Saint Louis,
Saint Peter's,Saint Peter's,Saint Peter's,
Samford,Samford,Samford,
San Diego,San Diego,San Diego,
San Francisco,San Francisco,San Francisco,
Santa Clara,Santa Clara,Santa Clara,
Seattle,Seattle,Seattle,
Seton Hall,Seton Hall,Seton Hall,
Siena,Siena,Siena,
South Carolina,South Carolina,South Carolina,
South Dakota,South Dakota,South Dakota,
Southern Utah,Southern Utah,Southern Utah,
St. Bonaventure,St. Bonaventure,St. Bonaventure,
St. John's (NY),St. John's (NY),St. John's (NY),
St. Thomas,St. Thomas,St. Thomas,
Stanford,Stanford,Stanford,
Stephen F. Austin,Stephen F. Austin,Stephen F. Austin,
Stetson,Stetson,Stetson,
Stonehill,Stonehill,Stonehill,
Stony Brook,Stony Brook,Stony Brook,
Syracuse,Syracuse,Syracuse,
TCU,TCU,TCU,
Temple,Temple,Temple,
Tennessee,Tennessee,Tennessee,
Tennessee Tech,Tennessee Tech,Tennessee Tech,
Texas,Texas,Texas,
Texas A&M,Texas A&M,Texas A&M,
Texas Southern,Texas Southern,Texas Southern,
Texas Tech,Texas Tech,Texas Tech,
The Citadel,The Citadel,The Citadel,
Toledo,Toledo,Toledo,
Towson,Towson,Towson,
Troy,Troy,Troy,
Tulane,Tulane,Tulane,
Tulsa,Tulsa,Tulsa,
UAB,UAB,UAB,
UC Davis,UC Davis,UC Davis,
UC Irvine,UC Irvine,UC Irvine,
UC Riverside,UC Riverside,UC Riverside,
UC San Diego,UC San Diego,UC San Diego,
UCF,UCF,UCF,
UCLA,UCLA,UCLA,
UMBC,UMBC,UMBC,
UNLV,UNLV,UNLV,
USC Upstate,USC Upstate,USC Upstate,
UT Martin,UT Martin,UT Martin,
UTEP,UTEP,UTEP,
UTSA,UTSA,UTSA,
Utah,Utah,Utah,
Utah Tech,Utah Tech,Utah Tech,
Utah Valley,Utah Valley,Utah Valley,
VCU,VCU,VCU,
VMI,VMI,VMI,
Valparaiso,Valparaiso,Valparaiso,
Vanderbilt,Vanderbilt,Vanderbilt,
Vermont,Vermont,Vermont,
Villanova,Villanova,Villanova,
Virginia,Virginia,Virginia,
Virginia Tech,Virginia Tech,Virginia Tech,
Wagner,Wagner,Wagner,
Wake Forest,Wake Forest,Wake Forest,
Washington,Washington,Washington,
West Virginia,West Virginia,West Virginia,
William & Mary,William & Mary,William & Mary,
Winthrop,Winthrop,Winthrop,
Wisconsin,Wisconsin,Wisconsin,
Wofford,Wofford,Wofford,
Wyoming,Wyoming,Wyoming,
Xavier,Xavier,Xavier,
Yale,Yale,Yale,
Birmingham–Southern,Birmingham-So.,Birmingham–Southern,confirmed
Centenary (LA),Centenary (LA),Centenary (LA),confirmed
Hartford,Hartford,Hartford,confirmed
Morris Brown,Morris Brown,Morris Brown,confirmed
New Haven,New Haven,New Haven,confirmed
Savannah State,Savannah St.,Savannah State,confirmed
St. Francis Brooklyn,St. Francis (NY),St. Francis Brooklyn,confirmed
Winston-Salem,Winston-Salem,Winston-Salem,confirmed
UCF,,Central Florida,confirmed
Utah Tech,,Dixie State,confirmed
Texas A&M–Commerce,,East Texas A&M,confirmed
FDU,,Fairleigh Dickinson,confirmed
Houston Christian,,Houston Baptist,confirmed
Purdue Fort Wayne,,IPFW,confirmed
IU Indy,,IUPUI,confirmed
LIU,,LIU Brooklyn,confirmed
Louisiana–Monroe,,Louisiana Monroe,confirmed
Louisiana,,Louisiana–Lafayette,confirmed
Missouri State,,Southwest Missouri State,confirmed
Texas State,,Southwest Texas State,confirmed
Texas State,,Texas State San Marcos,confirmed
Texas–Rio Grande Valley,,Texas–Pan American,confirmed
Troy,,Troy State,confirmed
Utah Valley,,Utah Valley State,confirmed