canonical_name,bg,accent,fg
Abilene Christian,#461D7C,#FFFFFF,#f5ecd7
Air Force,#003087,#8A8D8F,#f5ecd7
Akron,#041E42,#A89968,#f5ecd7
Alabama,#9E1B32,#828A8F,#f5ecd7
Alabama A&M,#660000,#FFFFFF,#f5ecd7
Alabama State,#C99700,#000000,#1a1f3a
Albany (NY),#461660,#EEB211,#f5ecd7
Alcorn State,#46166A,#E9A713,#f5ecd7
American,#C4122E,#005099,#f5ecd7
Appalachian State,#222222,#FFCC00,#f5ecd7
Arizona,#CC0033,#003366,#f5ecd7
Arizona State,#8C1D40,#FFC627,#f5ecd7
Arkansas,#9D2235,#FFFFFF,#f5ecd7
Arkansas State,#CC092F,#000000,#f5ecd7
Arkansas–Pine Bluff,#000000,#EEB310,#f5ecd7
Army,#D4BF91,#000000,#1a1f3a
Auburn,#0C2340,#E87722,#f5ecd7
Austin Peay,#BA0C2F,#000000,#f5ecd7
Ball State,#BA0C2F,#000000,#f5ecd7
Baylor,#003015,#FECB00,#f5ecd7
Bellarmine,#752936,#4D4D4D,#f5ecd7
Belmont,#002469,#C9262D,#f5ecd7
Bethune-Cookman,#6F263D,#F2A900,#f5ecd7
Binghamton,#005A43,#169B62,#f5ecd7
Boise State,#D64309,#0033A0,#f5ecd7
Boston College,#98002E,#BC9B6A,#f5ecd7
Boston University,#CC0000,#FFFFFF,#f5ecd7
Bowling Green,#FE5000,#4F2C1D,#1a1f3a
Bradley,#A50000,#999999,#f5ecd7
Brigham Young,#002255,#C5AF7D,#f5ecd7
Brown,#4E3629,#FFFFFF,#f5ecd7
Bryant,#231F20,#B09863,#f5ecd7
Bucknell,#EF5B0C,#003865,#1a1f3a
Buffalo,#005BBB,#FFFFFF,#f5ecd7
Butler,#13294B,#747678,#f5ecd7
Cal Poly,#003831,#FFE395,#f5ecd7
Cal State Bakersfield,#005DAA,#FFD200,#f5ecd7
Cal State Fullerton,#00274C,#DC8218,#f5ecd7
Cal State Northridge,#CE1126,#D1CEC6,#f5ecd7
California,#003262,#FDB515,#f5ecd7
California Baptist,#002554,#A37400,#f5ecd7
Campbell,#E87722,#000000,#1a1f3a
Canisius,#0C2340,#FFBA00,#f5ecd7
Central Arkansas,#4F2D7F,#818A8F,#f5ecd7
Central Connecticut State,#1A4784,#FFFFFF,#f5ecd7
Central Michigan,#6A0032,#FFC82E,#f5ecd7
Charleston Southern,#76232F,#FFFFFF,#f5ecd7
Charlotte,#046A38,#B9975B,#f5ecd7
Chattanooga,#00386B,#E0AA0F,#f5ecd7
Chicago State,#006666,#000000,#f5ecd7
Cincinnati,#E00122,#000000,#f5ecd7
Clemson,#F56600,#522D80,#1a1f3a
Cleveland State,#006747,#000000,#f5ecd7
Coastal Carolina,#006F71,#A27752,#f5ecd7
Colgate,#862633,#C8C7C7,#f5ecd7
College of Charleston,#002855,#A89968,#f5ecd7
Colorado,#CFB87C,#000000,#1a1f3a
Colorado State,#1E4D2B,#C8C372,#f5ecd7
Columbia,#9BCBEB,#003865,#1a1f3a
Connecticut,#000E2F,#FFFFFF,#f5ecd7
Coppin State,#003056,#FFC915,#f5ecd7
Cornell,#B31B1B,#5E3920,#f5ecd7
Creighton,#005CA9,#00235D,#f5ecd7
Dartmouth,#046A38,#000000,#f5ecd7
Davidson,#AC1A2F,#000000,#f5ecd7
Dayton,#CE1141,#004B8D,#f5ecd7
DePaul,#005EB8,#E4002B,#f5ecd7
Delaware,#00539F,#FFD200,#f5ecd7
Delaware State,#EE3124,#0099CC,#1a1f3a
Denver,#8B2332,#8B6F4B,#f5ecd7
Detroit Mercy,#A6093D,#002D72,#f5ecd7
Drake,#004477,#999999,#f5ecd7
Drexel,#07294D,#FFC600,#f5ecd7
Duke,#001A57,#FFFFFF,#f5ecd7
Duquesne,#041E42,#BA0C2F,#f5ecd7
East Carolina,#592A8A,#FDC82F,#f5ecd7
East Tennessee State,#041E42,#FFC72C,#f5ecd7
Eastern Illinois,#003399,#B2B2B2,#f5ecd7
Eastern Kentucky,#4C151E,#FFFFFF,#f5ecd7
Eastern Michigan,#006633,#000000,#f5ecd7
Eastern Washington,#A10022,#FFFFFF,#f5ecd7
Elon,#73000A,#B59A57,#f5ecd7
Evansville,#52237F,#F36F21,#f5ecd7
FDU,#A32638,#003F87,#f5ecd7
Fairfield,#C8102E,#A2AAAD,#f5ecd7
Florida,#0021A5,#FA4616,#f5ecd7
Florida A&M,#F4811F,#008344,#1a1f3a
Florida Atlantic,#003366,#CC0000,#f5ecd7
Florida Gulf Coast,#002D72,#007749,#f5ecd7
Florida International,#081E3F,#B6862C,#f5ecd7
Florida State,#782F40,#CEB888,#f5ecd7
Fordham,#860038,#FFFFFF,#f5ecd7
Fresno State,#DB0032,#002E6D,#f5ecd7
Furman,#582C83,#FFFFFF,#f5ecd7
Gardner-Webb,#A6192E,#000000,#f5ecd7
George Mason,#006633,#FFCC33,#f5ecd7
George Washington,#E2CB92,#002654,#1a1f3a
Georgetown,#041E42,#8D817B,#f5ecd7
Georgia,#BA0C2F,#000000,#f5ecd7
Georgia Southern,#011E41,#A3AAAE,#f5ecd7
Georgia State,#0039A6,#C60C30,#f5ecd7
Georgia Tech,#B3A369,#003057,#1a1f3a
Gonzaga,#041E42,#C8102E,#f5ecd7
Grambling State,#000000,#ECAA00,#f5ecd7
Grand Canyon,#522398,#000000,#f5ecd7
Green Bay,#006747,#9D2235,#f5ecd7
Hampton,#265198,#FFFFFF,#f5ecd7
Harvard,#A41034,#000000,#f5ecd7
Hawaii,#024731,#C8C8C8,#f5ecd7
High Point,#330072,#FFFFFF,#f5ecd7
Hofstra,#FDC82F,#003591,#1a1f3a
Holy Cross,#602D89,#FFFFFF,#f5ecd7
Houston,#C8102E,#76232F,#f5ecd7
Houston Christian,#00529C,#F85512,#f5ecd7
Howard,#003A63,#FFFFFF,#f5ecd7
IU Indy,#9D2235,#DFD1A7,#f5ecd7
Idaho,#EAAB00,#86754D,#1a1f3a
Idaho State,#000000,#F9A81A,#f5ecd7
Illinois,#13294B,#E84A27,#f5ecd7
Illinois State,#CE1126,#F9DD16,#f5ecd7
Illinois–Chicago,#AC1E2D,#041E42,#f5ecd7
Incarnate Word,#CB333B,#000000,#f5ecd7
Indiana,#990000,#EEEDEB,#f5ecd7
Indiana State,#0142BC,#FFFFFF,#f5ecd7
Iona,#6F2C3F,#F2A900,#f5ecd7
Iowa,#FFCD00,#000000,#1a1f3a
Iowa State,#C8102E,#F1BE48,#f5ecd7
Jackson State,#002147,#FFFFFF,#f5ecd7
Jacksonville,#084E44,#FFFFFF,#f5ecd7
Jacksonville State,#004E44,#898A8D,#f5ecd7
James Madison,#450084,#CBB677,#f5ecd7
Kansas,#0051BA,#E8000D,#f5ecd7
Kansas City,#005293,#FECB00,#f5ecd7
Kansas State,#512888,#D1D1D1,#f5ecd7
Kennesaw State,#FDBB30,#0B1315,#1a1f3a
Kent State,#002664,#EAAB00,#f5ecd7
Kentucky,#0033A0,#FFFFFF,#f5ecd7
LIU,#231F20,#8A8D8F,#f5ecd7
La Salle,#FFCC00,#003366,#1a1f3a
Lafayette,#910029,#A8996E,#f5ecd7
Lamar,#E31937,#000000,#f5ecd7
Le Moyne,#006400,#FFFF00,#f5ecd7
Lehigh,#4B2913,#FFFFFF,#f5ecd7
Liberty,#990000,#0A254E,#f5ecd7
Lindenwood,#101820,#B5A36A,#f5ecd7
Lipscomb,#331E54,#F4AA00,#f5ecd7
Little Rock,#6E2639,#A7A9AC,#f5ecd7
Long Beach State,#FFC72A,#000000,#1a1f3a
Longwood,#041E42,#FFFFFF,#f5ecd7
Louisiana,#CE181E,#0A0203,#f5ecd7
Louisiana State,#461D7C,#FDD023,#f5ecd7
Louisiana Tech,#E31B23,#A2AAAD,#f5ecd7
Louisiana–Monroe,#800029,#BD955A,#f5ecd7
Louisville,#AD0000,#000000,#f5ecd7
Loyola (MD),#00694E,#CACAC8,#f5ecd7
Loyola Chicago,#922247,#FEBD18,#f5ecd7
Loyola Marymount,#B62B3A,#00447C,#f5ecd7
Maine,#003263,#B0D7FF,#f5ecd7
Manhattan,#00703C,#FFFFFF,#f5ecd7
Marist,#C8102E,#B2B2B2,#f5ecd7
Marquette,#003366,#FFCC00,#f5ecd7
Marshall,#00B140,#A2AAAD,#1a1f3a
Maryland,#E03A3E,#FFD520,#1a1f3a
Maryland Eastern Shore,#822433,#8B8D8E,#f5ecd7
Massachusetts,#971B2F,#572932,#f5ecd7
McNeese State,#00529B,#FFD204,#f5ecd7
Memphis,#003087,#898D8D,#f5ecd7
Mercer,#CB5307,#000000,#f5ecd7
Mercyhurst,#07594D,#182752,#f5ecd7
Merrimack,#003768,#FFDE00,#f5ecd7
Miami (FL),#F47321,#005030,#1a1f3a
Miami (OH),#B61E2E,#000000,#f5ecd7
Michigan,#00274C,#FFCB05,#f5ecd7
Michigan State,#18453B,#FFFFFF,#f5ecd7
Middle Tennessee,#0066CC,#69B3E7,#f5ecd7
Milwaukee,#FFBD00,#CCCCCC,#1a1f3a
Minnesota,#7A0019,#FFCC33,#f5ecd7
Mississippi State,#660000,#FFFFFF,#f5ecd7
Mississippi Valley State,#046A38,#FFFFFF,#f5ecd7
Missouri,#000000,#F1B82D,#f5ecd7
Missouri State,#5E0009,#000000,#f5ecd7
Monmouth,#041E42,#53565A,#f5ecd7
Montana,#999999,#d4a64a,#1a1f3a
Montana State,#B9975B,#d4a64a,#1a1f3a
Morehead State,#005EB8,#FFCF00,#f5ecd7
Morgan State,#002D74,#FF4E00,#f5ecd7
Mount St. Mary's,#002F6C,#FFFFFF,#f5ecd7
Murray State,#002144,#ECAC00,#f5ecd7
NC State,#CC0000,#000000,#f5ecd7
NJIT,#D22630,#071D49,#f5ecd7
Navy,#00205B,#C5B783,#f5ecd7
Nebraska,#E41C38,#5F6A72,#f5ecd7
Nevada,#003366,#807F84,#f5ecd7
New Hampshire,#041E42,#BBBCBC,#f5ecd7
New Haven,#004B8D,#FFC423,#f5ecd7
New Mexico,#BA0C2F,#A7A8AA,#f5ecd7
New Mexico State,#861F41,#97999B,#f5ecd7
New Orleans,#005CA6,#A3A9AD,#f5ecd7
Niagara,#582C83,#FFFFFF,#f5ecd7
Nicholls State,#C41230,#B2B2B2,#f5ecd7
Norfolk State,#007A53,#F2A900,#f5ecd7
North Alabama,#46166B,#DB9F11,#f5ecd7
North Carolina,#7BAFD4,#FFFFFF,#1a1f3a
North Carolina A&T,#004684,#FDB927,#f5ecd7
North Carolina Central,#862633,#898D8D,#f5ecd7
North Dakota,#009A44,#FFFFFF,#1a1f3a
North Dakota State,#0A5640,#FFC72A,#f5ecd7
North Florida,#00246B,#D9D9D9,#f5ecd7
North Texas,#00853E,#000000,#f5ecd7
Northeastern,#E50000,#000000,#f5ecd7
Northern Arizona,#FFD200,#FBB040,#1a1f3a
Northern Colorado,#F6B000,#d4a64a,#1a1f3a
Northern Illinois,#BA0C2F,#8A8D8F,#f5ecd7
Northern Iowa,#4B116F,#FFCC00,#f5ecd7
Northern Kentucky,#FFC72C,#000000,#1a1f3a
Northwestern,#4E2A84,#FFFFFF,#f5ecd7
Northwestern State,#492F92,#F78426,#f5ecd7
Notre Dame,#0C2340,#C99700,#f5ecd7
Oakland,#B59A57,#000000,#1a1f3a
Ohio,#00694E,#CDA077,#f5ecd7
Ohio State,#BB0000,#666666,#f5ecd7
Oklahoma,#841617,#FDF9D8,#f5ecd7
Oklahoma State,#FF7300,#000000,#1a1f3a
Old Dominion,#003057,#92C1E9,#f5ecd7
Ole Miss,#CE1126,#14213D,#f5ecd7
Omaha,#000000,#D71920,#f5ecd7
Oral Roberts,#002F60,#C5B783,#f5ecd7
Oregon,#154733,#FEE123,#f5ecd7
Oregon State,#DC4405,#000000,#1a1f3a
Pacific,#E35205,#231F20,#1a1f3a
Penn State,#093162,#FFFFFF,#f5ecd7
Pennsylvania,#990000,#011F5B,#f5ecd7
Pepperdine,#00205C,#EE7624,#f5ecd7
Pittsburgh,#1C2957,#CDB87D,#f5ecd7
Portland,#1E1656,#5E6A71,#f5ecd7
Portland State,#154734,#FFFFFF,#f5ecd7
Prairie View A&M,#330066,#FFCC33,#f5ecd7
Presbyterian,#0060A9,#9D2235,#f5ecd7
Princeton,#FF671F,#000000,#1a1f3a
Providence,#000000,#8A8D8F,#f5ecd7
Purdue,#CEB888,#000000,#1a1f3a
Purdue Fort Wayne,#002F6C,#000000,#f5ecd7
Queens (NC),#192C66,#FFFFFF,#f5ecd7
Quinnipiac,#0A2240,#FFB819,#f5ecd7
Radford,#C2011B,#808285,#f5ecd7
Rhode Island,#68ABE8,#002147,#1a1f3a
Rice,#00205B,#C1C6C8,#f5ecd7
Richmond,#000066,#990000,#f5ecd7
Rider,#981E32,#6C6F70,#f5ecd7
Robert Morris,#14234B,#A6192E,#f5ecd7
Rutgers,#CC0033,#5F6A72,#f5ecd7
SIU Edwardsville,#CC0000,#FFFFFF,#f5ecd7
SMU,#CC0035,#354CA1,#f5ecd7
Sacramento State,#043927,#C4B581,#f5ecd7
Sacred Heart,#CD1041,#FFFFFF,#f5ecd7
Saint Francis (PA),#BD1F25,#FFFFFF,#f5ecd7
Saint Joseph's,#9E1B32,#6C6F70,#f5ecd7
Saint Louis,#003DA5,#C8C9C7,#f5ecd7
Saint Peter's,#003C71,#0072CE,#f5ecd7
Sam Houston State,#F78E1E,#004990,#1a1f3a
Samford,#C4161D,#002649,#f5ecd7
San Diego,#002868,#84BCE8,#f5ecd7
San Diego State,#A6192E,#000000,#f5ecd7
San Francisco,#FDBB30,#00543C,#1a1f3a
San Jose State,#0055A2,#E5A823,#f5ecd7
Santa Clara,#862633,#FFFFFF,#f5ecd7
Seattle,#AA0000,#333333,#f5ecd7
Seton Hall,#004488,#A2AAAD,#f5ecd7
Siena,#FFC72C,#C8102E,#1a1f3a
South Alabama,#00205B,#BF0D3E,#f5ecd7
South Carolina,#73000A,#000000,#f5ecd7
South Carolina State,#841A2B,#1E4692,#f5ecd7
South Dakota,#AD0000,#B4B4B4,#f5ecd7
South Dakota State,#0033A0,#FFD100,#f5ecd7
South Florida,#006747,#CFC493,#f5ecd7
Southeast Missouri State,#C8102E,#000000,#f5ecd7
Southeastern Louisiana,#006341,#EAAA00,#f5ecd7
Southern,#69B3E7,#FFC72C,#1a1f3a
Southern California,#FFC72C,#990000,#1a1f3a
Southern Illinois,#720000,#000000,#f5ecd7
Southern Indiana,#CF102D,#002D5D,#f5ecd7
Southern Mississippi,#000000,#FFAB00,#f5ecd7
Southern Utah,#000000,#FFFFFF,#f5ecd7
St. Bonaventure,#54261A,#FDB726,#f5ecd7
St. John's (NY),#BA0C2F,#041C2C,#f5ecd7
St. Mary's (CA),#D80024,#06315B,#f5ecd7
St. Thomas,#800080,#FFFFFF,#f5ecd7
Stanford,#8C1515,#FFFFFF,#f5ecd7
Stephen F. Austin,#3F2A55,#FFFFFF,#f5ecd7
Stetson,#006747,#B58150,#f5ecd7
Stonehill,#800080,#000000,#f5ecd7
Stony Brook,#990000,#16243E,#f5ecd7
Syracuse,#D44500,#3E3D3C,#f5ecd7
TCU,#4D1979,#A3A9AC,#f5ecd7
Tarleton State,#4F2D7F,#FFFFFF,#f5ecd7
Temple,#9D2235,#FFCD00,#f5ecd7
Tennessee,#FF8200,#58595B,#1a1f3a
Tennessee State,#00539F,#FFFFFF,#f5ecd7
Tennessee Tech,#4F2984,#FFDD00,#f5ecd7
Texas,#BF5700,#333F48,#f5ecd7
Texas A&M,#500000,#FFFFFF,#f5ecd7
Texas A&M–Commerce,#000080,#FFD700,#f5ecd7
Texas A&M–Corpus Christi,#0067C5,#007F3E,#f5ecd7
Texas Southern,#6F263D,#A2AAAD,#f5ecd7
Texas State,#501214,#8D734A,#f5ecd7
Texas Tech,#CC0000,#000000,#f5ecd7
Texas–Rio Grande Valley,#FFA300,#F05023,#1a1f3a
The Citadel,#3975B7,#FFFFFF,#f5ecd7
Toledo,#15397F,#005CB9,#f5ecd7
Towson,#000000,#FFCC00,#f5ecd7
Troy,#6D0017,#B2B3B5,#f5ecd7
Tulane,#006747,#43B02A,#f5ecd7
Tulsa,#002D72,#C8102E,#f5ecd7
UAB,#006341,#CC8A00,#f5ecd7
UC Davis,#002855,#B3A369,#f5ecd7
UC Irvine,#0C2340,#FFC72C,#f5ecd7
UC Riverside,#2D6CC0,#003066,#f5ecd7
UC San Diego,#182B49,#C69214,#f5ecd7
UC Santa Barbara,#004D9F,#FFB814,#f5ecd7
UCF,#000000,#B7A369,#f5ecd7
UCLA,#2D68C4,#F2A900,#f5ecd7
UMBC,#B18906,#FFC20E,#1a1f3a
UMass Lowell,#003DA5,#C8102E,#f5ecd7
UNC Asheville,#003DA5,#FFFFFF,#f5ecd7
UNC Greensboro,#0F2044,#FFB71B,#f5ecd7
UNC Wilmington,#006666,#003366,#f5ecd7
UNLV,#B10202,#666666,#f5ecd7
USC Upstate,#00703C,#000000,#f5ecd7
UT Arlington,#F58025,#0064B1,#1a1f3a
UT Martin,#002649,#F77F00,#f5ecd7
UTEP,#FF8200,#041E42,#1a1f3a
UTSA,#F15A22,#0C2340,#1a1f3a
Utah,#CC0000,#808080,#f5ecd7
Utah State,#0F2439,#FFFFFF,#f5ecd7
Utah Tech,#BA1C21,#ADA1A2,#f5ecd7
Utah Valley,#275D38,#000000,#f5ecd7
VCU,#FFB300,#000000,#1a1f3a
VMI,#AE122A,#FFD619,#f5ecd7
Valparaiso,#381E0E,#613318,#f5ecd7
Vanderbilt,#000000,#866D4B,#f5ecd7
Vermont,#154734,#8B5B29,#f5ecd7
Villanova,#00205B,#13B5EA,#f5ecd7
Virginia,#232D4B,#F84C1E,#f5ecd7
Virginia Tech,#630031,#CF4420,#f5ecd7
Wagner,#004331,#FFFFFF,#f5ecd7
Wake Forest,#A67F31,#000000,#1a1f3a
Washington,#4B2E83,#B7A57A,#f5ecd7
Washington State,#981E32,#5E6A71,#f5ecd7
Weber State,#A1A1A4,#130C0E,#1a1f3a
West Georgia,#0656A5,#DA2128,#f5ecd7
West Virginia,#002855,#EAAA00,#f5ecd7
Western Carolina,#592C88,#B9975B,#f5ecd7
Western Illinois,#663399,#FFCC00,#f5ecd7
Western Kentucky,#C60C30,#1E1E1E,#f5ecd7
Western Michigan,#6C4023,#B5A167,#f5ecd7
Wichita State,#FFCD00,#000000,#1a1f3a
William & Mary,#115740,#F0B323,#f5ecd7
Winthrop,#872434,#FFC82E,#f5ecd7
Wisconsin,#C5050C,#FFFFFF,#f5ecd7
Wofford,#886E4C,#000000,#f5ecd7
Wright State,#026937,#CEA052,#f5ecd7
Wyoming,#FFC425,#492F24,#1a1f3a
Xavier,#0C2340,#9EA2A2,#f5ecd7
Yale,#00356B,#FFFFFF,#f5ecd7
Youngstown State,#C8102E,#F3D54E,#f5ecd7
